Area_Code	Parameter_Code	Folder_Code		
X	A	S.1		
		S.2		
		I.1		
		I.2		
		I.3		
		I.4		
		I.5		
		O.1		
	B	S.1		
		S.2		
		I.1		
		I.2		
		I.3		
		I.4	I.4.1	
			I.4.2	
			I.4.3	
			I.4.4	
			I.4.5	
			I.4.6	
			I.4.7	
				
		I.5		
		I.6		
		I.7		
		O.1		
	C	S.1	S.1.1	
			S.1.2	
			S.1.3	
			S.1.4	
			S.1.5	
			S.1.6	
			S.1.7	
			S.1.8	
			S.1.9	
			S.1.10	
			S.1.11	
			S.1.12	
				
		I.1		
		I.2		
		I.3		
		O.1		
	D	S.1		
		S.2		
		S.3	S.3.1	
			S.3.2	
			S.3.3	
			S.3.4	
				
		I.1		
		I.2		
		I.3		
		I.4		
		I.5	I.5.1	
			I.5.2	
			I.5.3	
			I.5.4	
			I.5.5	
			I.5.6	
			I.5.7	
			I.5.8	
			I.5.9	
			I.5.10	
			I.5.11	
			I.5.12	
			I.5.13	
			I.5.14	
			I.5.15	
				
		I.6		
		O.1		
	E	S.1		
		S.2		
		S.3		
		I.1		
		I.2		
		I.3		
		I.4		
		I.5		
		O.1		
		O.2		
	F	S.1		
		S.2		
		S.3		
		I.1		
		I.2		
		I.3		
		I.4	I.4.1	
			I.4.2	
			I.4.3	
			I.4.4	
			I.4.5	I.4.5.1
				I.4.5.2
				I.4.5.3
				I.4.5.4
				I.4.5.5
				I.4.5.6
				I.4.5.7
				I.4.5.8
				I.4.5.9
				I.4.5.10
				I.4.5.11
				I.4.5.12
				
				
		O.1		
	G	S.1		
		S.2		
		I.1		
		I.2		
		I.3		
		O.1		
	H	S.1	S.1.1	
			S.1.2	
			S.1.3	
			S.1.4	
			S.1.5	
			S.1.6	
				
		I.1		
		I.2	I.2.1	
			I.2.2	
		O.1		